{"cameraMode":{"drawMode":0,"name":"Shaded","section":"Shading Mode"},"sceneLighting":false,"audioPlay":false,"sceneViewState":{"m_AlwaysRefresh":false,"showFog":true,"showSkybox":true,"showFlares":true,"showImageEffects":true,"showParticleSystems":true,"showVisualEffectGraphs":true,"m_FxEnabled":true},"in2DMode":false,"pivot":{"x":-55.232086181640628,"y":3.1807901859283449,"z":1.2842446565628052},"rotation":{"x":-0.06429677456617356,"y":-0.9354732036590576,"z":0.21249526739120484,"w":-0.2758825421333313},"size":0.8660253882408142,"orthographic":false}